supplier,manufacturing_lot,loss,packs,commissioned
Cellora,CE-2303,2.0040331113686936,130,2023-03-01
Cellora,CE-2304,2.0837450173467715,142,2023-04-01
Cellora,CE-2305,2.1155863485189927,131,2023-05-01
Cellora,CE-2306,2.220466221658516,122,2023-06-01
Cellora,CE-2307,2.32331990461235,143,2023-07-01
Cellora,CE-2308,2.413220005327166,136,2023-08-01
Cellora,CE-2309,2.553136923017582,131,2023-09-01
Cellora,CE-2310,2.654594972083525,117,2023-10-01
Cellora,CE-2311,2.8139456811739882,133,2023-11-01
Cellora,CE-2312,2.976489214206568,137,2023-12-01
Cellora,CE-2401,3.0521060794962525,150,2024-01-01
Cellora,CE-2402,3.0349213332941782,111,2024-02-01
Cellora,CE-2403,3.060551323017358,122,2024-03-01
Amptek,AM-2403,3.0556124501673625,87,2024-03-01
Cellora,CE-2404,3.0222032656238174,158,2024-04-01
Amptek,AM-2404,3.022255095260487,71,2024-04-01
Cellora,CE-2405,3.0370497512563253,127,2024-05-01
Amptek,AM-2405,3.092869419164603,88,2024-05-01
Cellora,CE-2406,3.04661633121051,135,2024-06-01
Amptek,AM-2406,3.0419677441188044,91,2024-06-01
Cellora,CE-2407,3.065774722307164,116,2024-07-01
Kyron,KY-2407,9.544644379580918,480,2024-07-01
Amptek,AM-2407,3.0600226906429047,94,2024-07-01
Kyron,KY-2408,9.547980203101574,500,2024-08-01
Cellora,CE-2408,3.0161392967911946,120,2024-08-01
Amptek,AM-2408,3.0624198261103555,87,2024-08-01
Cellora,CE-2409,3.055791059948554,139,2024-09-01
Amptek,AM-2409,3.066978633601118,100,2024-09-01
Kyron,KY-2409,9.578382913609246,481,2024-09-04
Amptek,AM-2410,3.0272450092937055,81,2024-10-01
Cellora,CE-2410,3.0337882197318473,136,2024-10-01
Kyron,KY-2410,3.5610392853351764,17,2024-10-02
Kyron,KY-2411,3.2973505557007807,21,2024-11-01
Cellora,CE-2411,3.0359919755901608,126,2024-11-01
Amptek,AM-2411,3.068170619007215,73,2024-11-01
Cellora,CE-2412,3.0304231977837084,152,2024-12-01
Amptek,AM-2412,3.068611474711922,81,2024-12-01
Kyron,KY-2412,3.360304461259265,21,2024-12-01
Amptek,AM-2501,3.060506777749146,90,2025-01-01
Cellora,CE-2501,3.055555741765053,111,2025-01-01
Kyron,KY-2413,3.3169654474481782,24,2025-01-06
Kyron,KY-2414,3.329847213079316,16,2025-02-01
Amptek,AM-2502,3.018855466942817,65,2025-02-01
Cellora,CE-2502,3.0607007377463677,111,2025-02-01
Cellora,CE-2503,3.0427020173933133,150,2025-03-01
Amptek,AM-2503,3.0594836717836467,89,2025-03-01
Kyron,KY-2415,3.299971064855647,24,2025-03-02
Cellora,CE-2504,3.062772728469765,135,2025-04-01
Amptek,AM-2504,3.0617293006090667,84,2025-04-01
Kyron,KY-2416,3.3170583010788386,20,2025-04-01
Cellora,CE-2505,3.0645552428961054,134,2025-05-01
Kyron,KY-2417,3.286465412521018,20,2025-05-01
Amptek,AM-2505,3.0227791479302675,79,2025-05-02
Amptek,AM-2506,3.108929957177913,47,2025-06-01
Kyron,KY-2418,3.406123510170596,14,2025-06-01
