first_month,riders,retention,early_fail,early_km
2024-01-01,583,0.8524871355060034,0.04260024153719923,74.68122687334733
2024-02-01,567,0.8518518518518519,0.0429067616526709,74.86682607639042
2024-03-01,600,0.885,0.050073672688854744,74.00934641618633
2024-04-01,660,0.8242424242424242,0.07557558247485621,72.05047008887884
2024-05-01,717,0.7907949790794979,0.11354712151238762,69.73583743629389
2024-06-01,717,0.8368200836820083,0.08573258773785404,70.81904565454386
2024-07-01,804,0.8793532338308457,0.04136677723994622,70.81194774364472
2024-08-01,856,0.8761682242990654,0.041633522073111086,70.68914384286133
2024-09-01,869,0.857307249712313,0.04424168852364207,65.97674635767478
2024-10-01,1187,0.8550968828980623,0.04300301279816535,64.4548480751645
2024-11-01,1019,0.8714425907752699,0.03812969091058939,62.864241660816504
2024-12-01,1064,0.8656015037593985,0.04080133079699485,62.700029379745345
2025-01-01,1080,0.8722222222222222,0.038032178323053854,61.214929587254154
2025-02-01,1025,0.8692682926829268,0.04273627994399532,60.84921381891672
2025-03-01,941,0.8501594048884166,0.04770584313271941,59.01037277730901
2025-04-01,1108,0.8176895306859205,0.06789749726426555,56.39328219594181
