month,abandoned_queue,cancelled_by_rider,failed_no_charged_battery,failed_system_error,swap_completed
2024-01-01,0.012661851899739559,0.0040913204898502,0.024409390642605146,0.0028907072535510445,0.9559467297142541
2024-02-01,0.01300436529362777,0.004182262448408087,0.023967932937375883,0.003084075372239661,0.9557613639483487
2024-03-01,0.012668022092898829,0.004477845366170866,0.02366508350687728,0.0031361380229983455,0.9560529110110547
2024-04-01,0.0204898016140661,0.003946011737252986,0.04134396973432255,0.003015714274639316,0.9312045026397191
2024-05-01,0.03807555049619733,0.0045673899531388585,0.07816242867818059,0.0030519104121126623,0.8761427204603706
2024-06-01,0.03118316424458459,0.004291198245132986,0.06426514943789416,0.0030847271730189197,0.8971757608993693
2024-07-01,0.01284254842509801,0.0040941658137154556,0.02354145342886387,0.0028581912284428653,0.9566636411038798
2024-08-01,0.01261101243339254,0.004416814683244523,0.022948490230905862,0.0027235050325636473,0.9573001776198934
2024-09-01,0.012484478826261566,0.004249814265452335,0.02389351565625341,0.003158786153294645,0.9562134050987381
2024-10-01,0.0126292734193537,0.004402582377306167,0.023810154642361938,0.0029056160524247323,0.9562523735085534
2024-11-01,0.012409557999991484,0.004245823378857759,0.022677040614260346,0.0030917430020569034,0.9575758350048336
2024-12-01,0.012749762862091346,0.004454736421694566,0.023575540424812882,0.003164398975410623,0.9560555613159906
2025-01-01,0.012755570436454361,0.004057445069682209,0.023268205399606137,0.0028585726577885304,0.9570602064364687
2025-02-01,0.012588048170870256,0.004324774672422934,0.023025070059834885,0.002893281829887147,0.9571688252669848
2025-03-01,0.012551296166549895,0.004380609214960131,0.02370133119807827,0.003072765488940046,0.9562939979314716
2025-04-01,0.01845250237172451,0.004539464524505661,0.03747810404504496,0.002946442737018653,0.9365834863217062
2025-05-01,0.03015356889851885,0.004259380566909623,0.062370136317962614,0.002884048219626348,0.9003328659969826
2025-06-01,0.025820046485127472,0.004371169574248083,0.05274645106249567,0.0030477603031481464,0.9140145725749806
