month,soh,km,bad_lot_share
2024-01-01,98.87686441911231,73.67816347319913,0.009158712370058353
2024-02-01,98.25566781381578,73.26494434083786,0.008751687620287829
2024-03-01,97.58121407518173,72.69950213063885,0.008532217515583565
2024-04-01,96.82983192223791,71.48351066052638,0.00861659881615425
2024-05-01,95.91207500960431,68.48814989115124,0.008497138393355334
2024-06-01,94.90430920068432,69.1629080391871,0.008580378973105134
2024-07-01,93.962180678202,70.0544595261099,0.008330473518111042
2024-08-01,93.01720305252503,69.3939340689364,0.008355598436494978
2024-09-01,93.40427620450701,65.02627980575109,0.17045818821956957
2024-10-01,92.51093051510824,62.80057363061342,0.22917465169867607
2024-11-01,90.93276325542766,61.74643887365704,0.2287943003775733
2024-12-01,89.23608066584404,60.68255869282943,0.22939177518738402
2025-01-01,87.3805094636807,59.47755270086006,0.22981635155773905
2025-02-01,85.50228557580381,58.2616684345812,0.23201186943620178
2025-03-01,83.55303034549442,57.00731031438521,0.23026201025712592
2025-04-01,81.42063931695128,55.08545987782868,0.22773550530489764
2025-05-01,79.04918981634515,52.01448347899671,0.22263521076681986
2025-06-01,76.45091206495213,51.43235918372753,0.22431364529875064
