temp_band,charger_generation,charge_minutes,stockout_hours,quarantined,hours
<25°C,Gen1,87.99202928862337,0.0054207910438112475,0.0,525938
<25°C,Gen2,63.996961391666765,0.0036467830164105238,0.0,529782
<25°C,Gen3,42.01774329835045,0.002387979279687481,0.0,81659
25–30,Gen1,88.02452560064555,0.008902308873675716,0.0,38417
25–30,Gen2,63.96985253332823,0.00447564217814586,0.0,52283
25–30,Gen3,41.99613322502031,0.0030869212022745737,0.0,12310
30–35,Gen1,91.27269100082373,0.012098434925864909,0.005354200988467875,38848
30–35,Gen2,64.55811010642167,0.005139269351046035,0.004363530581076822,41251
30–35,Gen3,42.09670819124504,0.003549307537058946,0.004454032987681815,14369
35–40,Gen1,118.62007138287484,0.061247853463079566,0.011212498737331223,29699
35–40,Gen2,68.34595177416193,0.007710906358230412,0.010651506240606417,15303
35–40,Gen3,42.771841453344344,0.002713224017930872,0.010734929810074319,8477
>40°C,Gen1,174.3683917775091,0.5851874244256349,0.011185006045949214,16540
>40°C,Gen2,74.17555592432791,0.010620643876535016,0.0086292731496847,6026
>40°C,Gen3,43.78078227447434,0.003843545105132263,0.012434998869545558,4423
