hour,vehicle_class,attempts,failure_rate
0,2W,19630,0.04574630667345899
0,3W,2380,0.10126050420168067
1,2W,19469,0.046073244645333605
1,3W,2317,0.09710832973672853
2,2W,19580,0.04458631256384065
2,3W,2341,0.10679196924391286
3,2W,19524,0.044611759885269414
3,3W,2368,0.09966216216216216
4,2W,22193,0.042896408777542465
4,3W,2645,0.09943289224952741
5,2W,22135,0.04481590241698667
5,3W,2582,0.08985282726568551
6,2W,48721,0.04579134254223025
6,3W,5937,0.09836617820448038
7,2W,48912,0.04508096172718351
7,3W,6007,0.10071583152988181
8,2W,136795,0.04422676267407435
8,3W,27874,0.09460429073688742
9,2W,201235,0.04475861554898502
9,3W,31487,0.09422936449963477
10,2W,111418,0.044077258611714444
10,3W,24255,0.09379509379509379
11,2W,79506,0.04582044122456167
11,3W,20829,0.09774833165298383
12,2W,329761,0.04449282965541711
12,3W,34021,0.09726345492489932
13,2W,336799,0.04485761537296726
13,3W,34274,0.09645795646846006
14,2W,141158,0.04425537341135465
14,3W,24437,0.09608380734132668
15,2W,81685,0.04502662667564424
15,3W,21027,0.09659009844485661
16,2W,81657,0.04484612464332513
16,3W,22772,0.09766379764623222
17,2W,97861,0.04523763296921143
17,3W,23175,0.09415318230852211
18,2W,199154,0.045512517950932446
18,3W,25389,0.09575012800819252
19,2W,427143,0.057889278297900235
19,3W,29442,0.11069220840975477
20,2W,425491,0.05832555800240193
20,3W,29443,0.11208097000984954
21,2W,337494,0.05878030424244579
21,3W,24122,0.10944366138794462
22,2W,170104,0.05726496731411372
22,3W,13713,0.1119375774812222
23,2W,22143,0.044483583976877565
23,3W,2577,0.0919674039580908
