month,city,attempts,completed,failure_rate,revenue
2024-01-01,Bengaluru,21083,20169,0.03974766399468766,1199885.6
2024-01-01,Delhi NCR,20145,19271,0.03916604616530157,1152005.2
2024-01-01,Hyderabad,19798,18912,0.040711182947772505,1134630.2
2024-01-01,Jaipur,13594,13022,0.0382521700750331,777254.2
2024-01-01,Mumbai,16905,16127,0.04188110026619343,970400.4
2024-01-01,Pune,16753,16007,0.03975407389721244,964627.8
2024-02-01,Bengaluru,21917,20887,0.04311721494730118,1245282.4
2024-02-01,Delhi NCR,20529,19634,0.03950509035997857,1167778.4
2024-02-01,Hyderabad,19899,19052,0.03889642695612845,1145254.6
2024-02-01,Jaipur,13647,13069,0.03773723162599839,783087.4
2024-02-01,Mumbai,16907,16155,0.039924291713491454,970430.0
2024-02-01,Pune,16372,15640,0.0401294893720987,944463.2
2024-03-01,Bengaluru,24309,23214,0.04023201283475256,1379005.6
2024-03-01,Delhi NCR,22802,21812,0.038549250065783705,1292308.8
2024-03-01,Hyderabad,22467,21547,0.03729914986424534,1299772.2
2024-03-01,Jaipur,15371,14717,0.038383969813284756,877092.2
2024-03-01,Mumbai,18263,17434,0.04106663746372447,1050770.8
2024-03-01,Pune,18275,17424,0.04158686730506156,1053692.4
2024-04-01,Bengaluru,25514,24426,0.03860625538919809,1453583.0
2024-04-01,Delhi NCR,24352,21904,0.09687089356110382,1299008.2
2024-04-01,Hyderabad,23871,22512,0.05324452264253697,1357293.2
2024-04-01,Jaipur,16766,14501,0.13032327329118454,872097.0
2024-04-01,Mumbai,19000,18143,0.04078947368421053,1100133.4
2024-04-01,Pune,19488,18631,0.04053776683087028,1121921.4
2024-05-01,Bengaluru,29228,27362,0.05915560421513617,1627961.8
2024-05-01,Delhi NCR,26706,22177,0.16486931775630945,1316113.8
2024-05-01,Hyderabad,26021,21410,0.17239921601783176,1285983.0
2024-05-01,Jaipur,18243,14637,0.19377295400975716,883824.8
2024-05-01,Mumbai,20913,19956,0.04107492946970784,1207158.0
2024-05-01,Pune,22078,19912,0.09371319865929885,1192171.4
2024-06-01,Bengaluru,30218,28843,0.041134423191475276,1715492.8
2024-06-01,Delhi NCR,28072,23610,0.15510116842405244,1405322.0
2024-06-01,Hyderabad,26124,22444,0.13634971673556884,1342757.2
2024-06-01,Jaipur,18723,15193,0.18453239331303745,910838.0
2024-06-01,Mumbai,20119,19230,0.03931606938714648,1163831.8
2024-06-01,Pune,22624,21560,0.04283062234794908,1289131.2
2024-07-01,Bengaluru,33864,32458,0.037591542641152845,2091461.1
2024-07-01,Delhi NCR,29934,28582,0.04065611010890626,1856514.95
2024-07-01,Hyderabad,28221,27012,0.038446546897700294,1761277.5
2024-07-01,Jaipur,19057,18231,0.0395655139843627,1183846.9
2024-07-01,Mumbai,19620,18777,0.03955147808358817,1242700.45
2024-07-01,Pune,24647,23551,0.04020773319268065,1530998.35
2024-08-01,Bengaluru,36548,35041,0.037156615957097516,2259041.0
2024-08-01,Delhi NCR,33231,31786,0.0387890824832235,2064479.55
2024-08-01,Hyderabad,30622,29303,0.03899157468486709,1904927.75
2024-08-01,Jaipur,20637,19734,0.039007607694916895,1284710.95
2024-08-01,Mumbai,21303,20404,0.03741257099938976,1345489.2
2024-08-01,Pune,26559,25420,0.038518016491584775,1650885.15
2024-09-01,Bengaluru,38925,37232,0.03930635838150289,2403136.8
2024-09-01,Delhi NCR,38240,36520,0.040271966527196654,2353791.7
2024-09-01,Hyderabad,36765,35141,0.0401468788249694,2266658.45
2024-09-01,Jaipur,24363,23365,0.03661289660550835,1502965.5
2024-09-01,Mumbai,25470,24361,0.03934040047114252,1599204.85
2024-09-01,Pune,28716,27432,0.04074383618888425,1777516.4
2024-10-01,Bengaluru,44994,43017,0.03944970440503178,2985086.15
2024-10-01,Delhi NCR,45691,43700,0.039110546934844934,2813691.95
2024-10-01,Hyderabad,42909,41115,0.03742804539840127,2643509.0
2024-10-01,Jaipur,29349,28072,0.03966063579679035,1815470.7
2024-10-01,Mumbai,31208,29821,0.03947705716482953,1953060.75
2024-10-01,Pune,32307,30826,0.04166279753613768,2137779.4
2024-11-01,Bengaluru,46386,44429,0.038071832018281376,3017577.0
2024-11-01,Delhi NCR,48165,46146,0.03766220284438908,2883632.45
2024-11-01,Hyderabad,43572,41759,0.037294592857798584,2612051.6
2024-11-01,Jaipur,30586,29295,0.03795854312430524,1853587.0
2024-11-01,Mumbai,32724,31281,0.03935949150470602,1991230.35
2024-11-01,Pune,33386,31947,0.039267956628526925,2170193.6
2024-12-01,Bengaluru,51470,49186,0.039829026617447055,3347315.05
2024-12-01,Delhi NCR,53668,51354,0.03871953491838712,3206386.75
2024-12-01,Hyderabad,48131,46090,0.03787579730319337,2883496.5
2024-12-01,Jaipur,34016,32473,0.04074553151458137,2048990.1
2024-12-01,Mumbai,36253,34594,0.04148622182991753,2201879.15
2024-12-01,Pune,36859,35257,0.03912205974117583,2404032.05
2025-01-01,Bengaluru,55456,53019,0.039508799769186385,3595906.9
2025-01-01,Delhi NCR,57497,55063,0.03815851261804964,3443559.5
2025-01-01,Hyderabad,51023,48810,0.03970758285479098,3049906.6
2025-01-01,Jaipur,35726,34278,0.03680792699994402,2154619.35
2025-01-01,Mumbai,38750,37012,0.04038709677419355,2357842.05
2025-01-01,Pune,39309,37652,0.03838815538426315,2571421.55
2025-02-01,Bengaluru,51897,49650,0.038306645856215196,3378030.5
2025-02-01,Delhi NCR,55239,52911,0.038016618693314505,3322236.15
2025-02-01,Hyderabad,48857,46802,0.03786560779417484,2927592.2
2025-02-01,Jaipur,33959,32525,0.0380753261285668,2043932.1
2025-02-01,Mumbai,37086,35469,0.03934099120962088,2256069.4
2025-02-01,Pune,37022,35393,0.039922208416617144,2408393.45
2025-03-01,Bengaluru,58872,56350,0.038286451963582005,3834788.25
2025-03-01,Delhi NCR,62797,60076,0.039221618867143336,3763700.15
2025-03-01,Hyderabad,56163,53727,0.03897583818528213,3365939.05
2025-03-01,Jaipur,38621,36934,0.03891665156262137,2327984.45
2025-03-01,Mumbai,41925,40045,0.04062015503875969,2544693.95
2025-03-01,Pune,41352,39498,0.04050590056103695,2694271.95
2025-04-01,Bengaluru,59128,56497,0.039828845893654444,3848509.25
2025-04-01,Delhi NCR,64894,58751,0.09020864794896293,3698896.45
2025-04-01,Hyderabad,58960,55688,0.050864993215739486,3481338.4
2025-04-01,Jaipur,39693,36033,0.08789962965762226,2276511.95
2025-04-01,Mumbai,43409,41494,0.0396231196295699,2638070.85
2025-04-01,Pune,42763,40798,0.04132076795360475,2796408.8
2025-05-01,Bengaluru,66587,63086,0.048507967020589605,4305323.45
2025-05-01,Delhi NCR,68500,59277,0.13052554744525546,3743601.0
2025-05-01,Hyderabad,65025,56024,0.13400999615532488,3501040.85
2025-05-01,Jaipur,42741,36787,0.13492899089866872,2324419.75
2025-05-01,Mumbai,47043,44886,0.041812809557213615,2857430.8
2025-05-01,Pune,47477,43688,0.07517324178023042,2991126.5
2025-06-01,Bengaluru,66900,63697,0.043019431988041854,4336596.55
2025-06-01,Delhi NCR,68451,59811,0.1220581145637025,3782080.85
2025-06-01,Hyderabad,63502,56964,0.09859531983244622,3558193.95
2025-06-01,Jaipur,42542,36500,0.13788726435052417,2307820.5
2025-06-01,Mumbai,43401,41529,0.03910048155572452,2638851.25
2025-06-01,Pune,46923,44695,0.04296400485902436,3067247.3
