month,attempts,completed,failures,revenue,stations,riders,failure_rate,per_swap_amount_charged_inr,per_swap_energy_cost_inr,per_swap_fixed_per_swap,per_swap_wear_inr,per_swap_cm1,per_swap_cm2
2024-01-01,108278,103508,4327,6198803.4,90,4182,0.03996194979589575,59.88719132820652,22.00590501429841,20.376164161224253,36.73498173810919,17.50512215268385,-19.22985958542534
2024-02-01,109271,104437,4377,6256296.0,90,4443,0.040056373603243316,59.904976205750835,21.899364791213845,20.194911764987506,36.7405612675244,17.81069964954949,-18.92986161797491
2024-03-01,121487,116148,4795,6952642.0,90,4740,0.03946924362277445,59.8601956124944,21.714274308726797,18.15869407996694,36.61703312610043,19.98722722380067,-16.629805902299758
2024-04-01,128991,120117,8365,7204036.2,90,5076,0.06484948562302796,59.975159219760734,21.595053900030805,17.55868028672045,36.72126488995113,20.821425033009483,-15.899839856941641
2024-05-01,143189,125454,17081,7513212.8,90,5480,0.11928988958649059,59.88818849937029,21.331019000271016,16.81170787699077,36.61270964595571,21.7454616221085,-14.867248023847212
2024-06-01,145880,130880,14374,7827373.0,90,5839,0.09853304085549767,59.805722799511,21.03028254622555,16.114731051344744,36.49430393018274,22.66070920194071,-13.83359472824203
2024-07-01,155343,148611,6096,9666799.25,90,6176,0.039242193082404744,65.04766975526711,20.85668181130603,14.19205846135212,36.534078338204495,29.998929482608958,-6.535148855595533
2024-08-01,168900,161688,6466,10509533.6,100,6711,0.03828300769686205,64.99884716243629,20.647314548203948,14.666103854336747,36.52566738366343,29.6854287598956,-6.840238623767826
2024-09-01,192479,184051,7610,11903273.7,108,7234,0.03953678063580962,64.67377900690569,20.45954259281395,13.847993219270746,48.29135904375263,30.366243194821003,-17.925115848931632
2024-10-01,226458,216551,8910,14348597.95,120,7933,0.03934504411414037,66.25967070112814,20.225657717396825,13.146533611020036,52.59521868275982,32.887479372711276,-19.707739310048538
2024-11-01,234819,224857,8965,14528272.0,120,8541,0.03817834161630873,64.61116176058562,19.914490731887376,12.660913380504054,52.56969887735114,32.035757648194185,-20.53394122915696
2024-12-01,260397,248954,10283,16092099.6,120,9149,0.03948970226231485,64.6388473372591,19.630815071860663,11.435425821637732,52.67550290322205,33.57260644376069,-19.10289645946136
2025-01-01,277761,265834,10800,17173255.95,120,9662,0.03888234849384903,64.60142777071405,19.27058693176945,10.70929602684382,52.65489877175922,34.62154481210079,-18.033353959658438
2025-02-01,264060,252750,10168,16336253.8,129,10170,0.03850640006059229,64.63404075173096,18.86194127129575,12.079058358061326,52.878086997215995,33.69304112237389,-19.18504587484211
2025-03-01,299730,286630,11787,18531377.8,141,10548,0.03932539285356821,64.65261068276175,18.37587610965356,11.563660468199421,52.715666909311665,34.71307410490877,-18.002592804402898
2025-04-01,308847,289261,18184,18739735.7,150,10910,0.05887704915378812,64.78486799119135,18.00453788530082,12.304894195899205,52.61261211496599,34.47543590999132,-18.13717620497467
2025-05-01,337373,303748,32188,19722942.35,150,11632,0.09540775343610781,64.93192498386821,17.553954261855225,11.718022834718253,52.318172496168216,35.659947887294734,-16.658224608873482
2025-06-01,331719,303196,27073,19690790.4,149,12017,0.08161425785077128,64.94409688782173,17.02739938805261,11.676618425045186,52.42430762648124,36.240079074723944,-16.1842285517573
