pid,swaps,revenue_m,rev_per_swap,discount_per_swap,energy,wear,station,cm1,cm2,cm2_total_m,peak_share,partner_name,partner_segment,contract_type,discount_pct,discount_pct_after_amendment,peak_surcharge_billable,payment_terms_days
Independent,1218521,83.115521,68.21016707959896,0.0,18.168611366952234,46.012683766731705,13.478605540145823,36.562950172500905,-9.449733594230796,-11.514698828975707,0.6091015255379267,Independent riders,,,,,,
FP-03,549390,28.60651479999999,52.06959500536959,14.62221773239411,19.1409774628042,46.02611165999627,12.84319166859611,20.08542587396928,-25.940685786026993,-14.25155336398537,0.727880012377364,ZipDrop,quick_commerce,volume_tiered,12.0,28.0,N,45.0
FP-01,516367,32.0278845,62.025428619567094,6.64247618457415,18.21130064037787,45.770708610669075,13.43783569102444,30.376292288164784,-15.394416322504293,-7.9491685732025745,0.7492539221135355,FeastFly,food_delivery,volume_tiered,10.0,,Y,30.0
FP-02,296209,16.74021275,56.51486872444794,9.94393570080585,18.13026482203444,46.121309390219075,13.517508310202684,24.867095592210813,-21.254213798008262,-6.2956894148942295,0.20953448409737718,ParcelNest,ecom_logistics,pay_per_swap,15.0,,Y,30.0
FP-05,237632,14.092428900000002,59.30358242997576,7.329573037301374,18.36356675359379,45.74903035708865,13.549868311047891,27.390147365334077,-18.358882991754577,-4.362658083096622,0.7551971115001347,Swiggle Go,food_delivery,volume_tiered,11.0,,N,30.0
FP-04,131334,13.062630800000004,99.46115095862459,8.638305389312746,40.796799317160826,83.10697403299223,13.779669670343031,44.88468197112072,-38.222292061871514,-5.019886505653833,0.18874015867939756,CargoTuk,cargo_3w,pay_per_swap,8.0,,Y,30.0
FP-07,127961,7.9345085499999986,62.00724087808004,5.9218390759684585,17.885415357179138,44.841297520112725,13.662017630372937,30.459807890527962,-14.381489629584761,-1.8402697944912956,0.7250099639733981,QuickCart,quick_commerce,pay_per_swap,9.0,,Y,30.0
FP-06,119503,7.494595500000002,62.71470590696468,3.9594863727270444,17.937451627741563,45.793087527359816,13.828817605789004,30.948436673434113,-14.844650853925703,-1.7739803109966832,0.2717923399412567,RideMitra,bike_taxi,pay_per_swap,6.0,,Y,15.0
FP-08,92027,5.853723599999999,63.608762645745266,5.319725732665414,18.058235402870896,46.16737463454891,13.205068553662924,32.34545868921145,-13.821915945337466,-1.2719894587015712,0.7489323785410803,DabbaXpress,food_delivery,pay_per_swap,8.0,,Y,30.0
FP-12,82363,5.2269785,63.46270169857824,3.3047788448696624,18.252108828478807,45.497508593388154,13.874444691588824,31.336148178510616,-14.161360414877537,-1.1663721278505585,0.27290166701067226,UrbanErrand,bike_taxi,pay_per_swap,5.0,,Y,15.0
FP-10,81916,4.831146400000001,58.97683480638703,8.013972850236827,18.345899526588212,46.87163358805258,13.561221958987238,27.06971332081158,-19.801920267240998,-1.6220941006113132,0.20960496117974511,MetroMove,ecom_logistics,volume_tiered,12.0,,Y,30.0
FP-11,80332,4.878057,60.723709107205096,6.725041079519992,18.69158050764328,47.23242098438682,12.9336254450183,29.098503154543515,-18.133917829843305,-1.4567338871069726,0.21136035452870586,LastMileHub,ecom_logistics,pay_per_swap,10.0,,Y,30.0
FP-09,53120,5.331093199999999,100.35943524096386,7.548113704819277,40.76640651073042,83.2350607560637,13.869797552682932,45.723231177550495,-37.5118295785132,-1.9926283872106205,0.18953313253012047,HaulKing,cargo_3w,pay_per_swap,7.0,,Y,45.0
