week,Control cities,"Pilot cities (BLR, PUN)"
2024-05-27,0.6228354978354979,0.6410256410256411
2024-06-03,0.6102650015229972,0.6223532564995979
2024-06-10,0.6088362068965517,0.6096918619963129
2024-06-17,0.6017341904619524,0.6030967741935483
2024-06-24,0.6086891831572683,0.6123115577889447
2024-07-01,0.6139012208657048,0.6206380857427717
2024-07-08,0.6243342892257272,0.6279348346909439
2024-07-15,0.6117913228639872,0.62291280148423
2024-07-22,0.6180843938379103,0.6355555555555555
2024-07-29,0.6179848603497782,0.616388189517052
2024-08-05,0.6221412415179693,0.6267684706939142
2024-08-12,0.6215353174096309,0.6190155091031693
2024-08-19,0.61817738791423,0.6004774305555556
2024-08-26,0.6149597790851242,0.6211368057056408
2024-09-02,0.6134147773992717,0.6039224046045619
2024-09-09,0.6156034132466477,0.621963262887616
2024-09-16,0.6182842708636938,0.6155966916108704
2024-09-23,0.6158601371583116,0.6165208940719145
2024-09-30,0.6230638458632414,0.5837661088670898
2024-10-07,0.6158798283261803,0.5981675392670157
2024-10-14,0.6177280234905487,0.5962969685968416
2024-10-21,0.6124663677130044,0.5972495088408645
2024-10-28,0.6141901166781057,0.5916010498687664
2024-11-04,0.6123688090901206,0.5976971988314144
2024-11-11,0.6099147031500718,0.5955832771409305
2024-11-18,0.6194129419613076,0.5929306339196814
2024-11-25,0.6185873605947956,0.583679335675503
2024-12-02,0.6268865979381444,0.5949935815147626
2024-12-09,0.6148838704492485,0.5885928003740065
2024-12-16,0.6104726448688896,0.5871346837791867
2024-12-23,0.613076437144662,0.5939209726443769
2024-12-30,0.6156257166883266,0.5940986494421608
2025-01-06,0.6188039410371955,0.5959374543328949
2025-01-13,0.6196043165467626,0.5878534333525678
2025-01-20,0.6140479507295257,0.598928157589803
2025-01-27,0.6125045438022537,0.5881026219340287
2025-02-03,0.6123764503652772,0.5919540229885057
2025-02-10,0.6213531099139439,0.5974930362116991
2025-02-17,0.6228070175438597,0.5933677629790703
2025-02-24,0.6219325153374233,0.5937439660166055
