pack_type,cohort,soh_band,mean,size
2W_2.1kWh,Amptek,75–80,51.956034482758625,12992
2W_2.1kWh,Amptek,80–85,53.95696331660342,147042
2W_2.1kWh,Amptek,85–90,58.06788385441579,183976
2W_2.1kWh,Amptek,90–95,64.00299434140207,178136
2W_2.1kWh,Amptek,95–100,68.62267048523266,140716
2W_2.1kWh,Cellora,75–80,51.91450533242569,35256
2W_2.1kWh,Cellora,80–85,53.975415145650096,408170
2W_2.1kWh,Cellora,85–90,58.06413192168626,508059
2W_2.1kWh,Cellora,90–95,64.00569505670701,492708
2W_2.1kWh,Cellora,95–100,68.61925652684978,387936
2W_2.1kWh,Kyron KY-2407..09,<70,37.98692248787544,152789
2W_2.1kWh,Kyron KY-2407..09,70–75,43.12737038064844,86484
2W_2.1kWh,Kyron KY-2407..09,75–80,47.169572942512296,95116
2W_2.1kWh,Kyron KY-2407..09,80–85,50.300079669732746,96649
2W_2.1kWh,Kyron KY-2407..09,85–90,53.37485360185902,96825
2W_2.1kWh,Kyron KY-2407..09,90–95,56.42305121918418,96663
2W_2.1kWh,Kyron KY-2407..09,95–100,59.24650529426851,81881
3W_4.8kWh,Amptek,80–85,80.72222222222223,90
3W_4.8kWh,Amptek,85–90,83.56342451874367,19740
3W_4.8kWh,Amptek,90–95,89.74007892279423,33197
3W_4.8kWh,Amptek,95–100,96.15405073020753,26020
3W_4.8kWh,Cellora,80–85,80.85360824742268,194
3W_4.8kWh,Cellora,85–90,83.5596888807444,49113
3W_4.8kWh,Cellora,90–95,89.74394787433383,82186
3W_4.8kWh,Cellora,95–100,96.04732870463437,64669
3W_4.8kWh,Kyron,80–85,78.89729729729729,37
3W_4.8kWh,Kyron,85–90,83.47312135214007,16448
3W_4.8kWh,Kyron,90–95,89.67423321655824,27974
3W_4.8kWh,Kyron,95–100,96.05764465562415,22519
3W_4.8kWh,Kyron KY-2407..09,<70,65.56157024793389,968
3W_4.8kWh,Kyron KY-2407..09,70–75,68.1928656645192,4191
3W_4.8kWh,Kyron KY-2407..09,75–80,74.83595528876009,4831
3W_4.8kWh,Kyron KY-2407..09,80–85,79.89129817444218,4930
3W_4.8kWh,Kyron KY-2407..09,85–90,84.82471368294152,4977
3W_4.8kWh,Kyron KY-2407..09,90–95,91.0898869212716,4687
3W_4.8kWh,Kyron KY-2407..09,95–100,96.63560417702637,4022
