term,coef,lo,hi,p,odds_ratio
kyc_verified[T.True],0.052884738580767664,-0.20985180026575154,0.31562127742728685,0.6932045709630432,1.0543081170658612
C(vehicle_class)[T.3W],-1.26943349987594,-1.8505023047736113,-0.6883646949782687,1.8535382804027573e-05,0.2809907579980454
"C(plan_type, Treatment('partner_billed'))[T.pay_as_you_go]",0.5585542638176308,0.2873584723926557,0.829750055242606,5.4199638121594005e-05,1.7481433184243476
"C(plan_type, Treatment('partner_billed'))[T.prepaid_pack]",0.48446311138144266,0.19294789138241103,0.7759783313804742,0.0011250777509010342,1.6233032418092757
C(signup_channel)[T.field_agent],-0.08348279060668178,-0.31850720384783426,0.15154162263447074,0.4863055421333625,0.9199069175749767
C(signup_channel)[T.partner_onboarding],-0.05270685017951192,-0.3292325319858075,0.22381883162678362,0.7087193350067598,0.9486580706670741
C(signup_channel)[T.referral],-0.07132508124659023,-0.25728371721686416,0.1146335547236837,0.45220081452831895,0.9311591405466448
"C(home_city, Treatment('Bengaluru'))[T.Delhi NCR]",-0.3444573408921384,-0.5226962684298019,-0.16621841335447496,0.00015201946371691988,0.7086047799898252
"C(home_city, Treatment('Bengaluru'))[T.Hyderabad]",-0.38623433953574365,-0.5690164103180383,-0.203452268753449,3.449311816675576e-05,0.6796112472342684
"C(home_city, Treatment('Bengaluru'))[T.Jaipur]",-0.3944981948242995,-0.5938501628653876,-0.1951462267832113,0.00010506863011958064,0.6740181802126761
"C(home_city, Treatment('Bengaluru'))[T.Mumbai]",-0.16434084233880936,-0.3552917567387024,0.02661007206108365,0.09163564096627339,0.8484527839594881
"C(home_city, Treatment('Bengaluru'))[T.Pune]",-0.35300316622538264,-0.5266736849446517,-0.17933264750611358,6.78139352259131e-05,0.7025749688630203
"C(home_station_gen, Treatment('Gen2'))[T.Gen1]",-0.03458784444167462,-0.15523006989599158,0.08605438101264234,0.574172502726622,0.9660034779230552
"C(home_station_gen, Treatment('Gen2'))[T.Gen3]",0.047912974424103624,-0.1890954255400753,0.2849213743882825,0.6919420036569937,1.0490793546167834
fail_rate_14d_z,-0.31049466076566307,-0.35899414816816005,-0.2619951733631661,4.090822129358014e-36,0.7330842385098574
km_per_swap_14d_z,0.5746234553536893,0.44699617660779634,0.7022507340995823,1.0999338846526908e-18,1.7764614838985215
soh_14d_z,-0.07672860652624851,-0.1550110101386473,0.001553797086150277,0.054723964790392904,0.9261411681712007
bad_lot_share_14d_z,0.0252070304845283,-0.04181600292434304,0.09223006389339963,0.46104163408654886,1.025527413985476
price_14d_z,0.2618394838349736,0.07466037875733947,0.4490185889126077,0.006111517424115343,1.2993179641529813
peak_tariff_share_14d_z,-0.09062550107993804,-0.15599450832892983,-0.025256493830946247,0.006583056707239248,0.9133596990791001
tickets_30d_z,0.17304540654337702,0.11421508108370788,0.23187573200304618,8.160898355386694e-09,1.1889200886099955
competitor_promo_days_30d_z,0.025587797050964745,-0.03156054105729603,0.08273613515922552,0.3801819263648979,1.0259179748892342
attempts_14d_z,0.7595227112920673,0.7016552030954926,0.817390219488642,6.152444701143155e-146,2.1372558889180744
first_attempt_failed,-0.020384544761733746,-0.24531048192445287,0.2045413924009854,0.8590157297714518,0.9798218155054675
competitor_nearby,-0.012999275079390003,-0.4410496171384773,0.41505106697969724,0.9525369040362418,0.9870848505781802
