station_id,city,zone,latitude,longitude,location_type,host_type,expansion_wave,charger_generation,connectivity_tier,slots_2w,slots_3w,swaps_per_day,fail_2025,attempts,failures,failure_rate_all
STN-BLR-001,Bengaluru,BLR-Electronic City,12.926943,77.604655,transit_hub,mall_parking,Launch,Gen1,good,12,6,58.57377049180328,0.046366414242061914,26253,1151,0.04384260846379461
STN-BLR-002,Bengaluru,BLR-Central,13.149199,77.530565,commercial_hub,kirana,Launch,Gen2,poor,16,0,62.221311475409834,0.04084967320261438,30916,1224,0.03959115021348169
STN-BLR-003,Bengaluru,BLR-Electronic City,12.917986,77.60756,commercial_hub,fuel_retailer,Launch,Gen2,good,16,0,83.51639344262296,0.03987614937136423,40241,1568,0.03896523446236425
STN-BLR-004,Bengaluru,BLR-Whitefield,13.030901,77.489397,market,mall_parking,Launch,Gen1,good,16,0,125.08196721311475,0.04524802389991909,52094,2193,0.04209697853879525
STN-BLR-005,Bengaluru,BLR-North,12.815864,77.628712,residential,mall_parking,Launch,Gen1,fair,12,0,57.08196721311475,0.04510765876260561,26380,1135,0.043025018953752846
STN-BLR-006,Bengaluru,BLR-Central,13.167715,77.49896,commercial_hub,mall_parking,Launch,Gen1,poor,12,0,68.4672131147541,0.04579025110782865,31159,1263,0.04053403511024102
STN-BLR-007,Bengaluru,BLR-East,12.835339,77.639064,commercial_hub,owned_lot,Launch,Gen2,poor,12,6,47.221311475409834,0.039209170958631,24075,967,0.04016614745586708
STN-BLR-008,Bengaluru,BLR-South,13.022087,77.530346,market,owned_lot,Launch,Gen2,good,12,6,65.99180327868852,0.03954869358669834,31225,1237,0.039615692554043236
STN-BLR-009,Bengaluru,BLR-North,12.799911,77.629492,commercial_hub,fuel_retailer,Launch,Gen1,good,16,4,83.41803278688525,0.04647256438969765,39125,1635,0.041789137380191695
STN-BLR-010,Bengaluru,BLR-Central,13.157407,77.505721,market,mall_parking,Launch,Gen2,fair,8,0,66.62295081967213,0.045986426398315,29975,1277,0.04260216847372811
STN-BLR-011,Bengaluru,BLR-Whitefield,13.028538,77.4997,tech_park,owned_lot,Launch,Gen1,good,8,6,78.44262295081967,0.0429240115526342,35151,1452,0.04130750192028676
STN-BLR-012,Bengaluru,BLR-East,12.815094,77.625845,tech_park,owned_lot,Launch,Gen1,good,16,0,29.295081967213115,0.03922091782283885,16582,711,0.042877819322156556
STN-BLR-013,Bengaluru,BLR-Electronic City,12.945109,77.582166,market,kirana,Launch,Gen2,good,8,0,84.31147540983606,0.04093187302765918,37910,1517,0.040015826958586125
STN-BLR-014,Bengaluru,BLR-East,12.825178,77.637458,market,owned_lot,Launch,Gen1,good,8,4,40.704918032786885,0.04447000191681043,22829,948,0.04152612904638837
STN-BLR-015,Bengaluru,BLR-Central,13.155268,77.514607,commercial_hub,kirana,Launch,Gen2,good,8,0,63.33606557377049,0.03981206726013848,30235,1195,0.0395237307755912
STN-BLR-016,Bengaluru,BLR-East,12.838193,77.611269,commercial_hub,owned_lot,Launch,Gen2,good,16,4,40.9344262295082,0.043353705118411,20887,822,0.039354622492459426
STN-BLR-017,Bengaluru,BLR-Electronic City,12.942027,77.603844,tech_park,kirana,Launch,Gen2,fair,8,0,48.28688524590164,0.043007275666936136,23970,1039,0.043345848977889026
STN-BLR-018,Bengaluru,BLR-Electronic City,12.929766,77.602778,market,kirana,Launch,Gen2,good,8,0,89.79508196721312,0.04289683918027093,40297,1721,0.04270789388788247
STN-BLR-019,Bengaluru,BLR-Whitefield,13.037931,77.484227,commercial_hub,mall_parking,Launch,Gen1,good,8,6,135.77868852459017,0.046815086132890746,58067,2512,0.04326037163965764
STN-BLR-020,Bengaluru,BLR-Central,13.150763,77.498129,tech_park,fuel_retailer,Launch,Gen2,good,12,4,39.84426229508197,0.04502740798747063,21722,874,0.040235705736120064
STN-BLR-021,Bengaluru,BLR-Central,13.148858,77.522696,highway_fuel_pump,kirana,Wave1_2024H2,Gen2,good,8,4,42.885245901639344,0.0380952380952381,12097,458,0.03786062660163677
STN-BLR-022,Bengaluru,BLR-North,12.822023,77.658564,highway_fuel_pump,fuel_retailer,Wave1_2024H2,Gen2,good,8,0,60.9344262295082,0.044902136369451194,16468,686,0.041656546028661645
STN-BLR-023,Bengaluru,BLR-Central,13.16631,77.527781,residential,fuel_retailer,Wave1_2024H2,Gen2,good,16,0,35.24590163934426,0.03781979977753059,11163,460,0.04120756069157037
STN-BLR-024,Bengaluru,BLR-Whitefield,13.002362,77.474726,residential,mall_parking,Wave1_2024H2,Gen2,good,8,4,79.62295081967213,0.03909019298936589,23561,873,0.03705275667416493
STN-BLR-025,Bengaluru,BLR-East,12.821132,77.629489,highway_fuel_pump,mall_parking,Wave1_2024H2,Gen3,good,16,4,28.229508196721312,0.042623858289510104,8255,324,0.03924894003634161
STN-BLR-026,Bengaluru,BLR-Central,13.139957,77.504484,highway_fuel_pump,fuel_retailer,Wave1_2024H2,Gen2,poor,12,0,47.10655737704918,0.037512504168056016,13760,522,0.03793604651162791
STN-BLR-027,Bengaluru,BLR-South,13.04354,77.526621,market,kirana,Wave2_2025H1,Gen3,good,12,0,69.45348837209302,0.0396990555466624,6247,248,0.0396990555466624
STN-BLR-028,Bengaluru,BLR-East,12.849491,77.627915,transit_hub,kirana,Wave2_2025H1,Gen3,good,8,0,29.418032786885245,0.04569466455361859,4171,191,0.045792375929033804
STN-BLR-029,Bengaluru,BLR-East,12.817158,77.631451,market,mall_parking,Wave2_2025H1,Gen3,poor,12,0,51.390625,0.04339022273647671,3457,150,0.04339022273647671
STN-BLR-030,Bengaluru,BLR-Electronic City,12.924526,77.58033,market,mall_parking,Wave2_2025H1,Gen3,good,8,0,107.08450704225352,0.041075241803793495,7961,327,0.041075241803793495
STN-BLR-031,Bengaluru,BLR-East,12.830738,77.623313,market,kirana,Wave2_2025H1,Gen3,good,12,0,48.896907216494846,0.0418342719227675,4972,208,0.0418342719227675
STN-BLR-032,Bengaluru,BLR-Electronic City,12.936329,77.579485,market,mall_parking,Wave2_2025H1,Gen3,good,16,6,95.47933884297521,0.0395335373418245,12091,478,0.0395335373418245
STN-DEL-033,Delhi NCR,DEL-West,28.475943,77.097616,market,owned_lot,Launch,Gen1,good,12,4,64.43442622950819,0.13070744856419847,33753,2630,0.07791899979261102
STN-DEL-034,Delhi NCR,DEL-West,28.495335,77.081869,highway_fuel_pump,mall_parking,Launch,Gen2,fair,12,6,45.99180327868852,0.07717515975749631,24506,1372,0.05598628907206398
STN-DEL-035,Delhi NCR,DEL-Gurugram-Cyber,28.60613,77.248722,market,kirana,Launch,Gen1,good,16,0,57.5,0.131163708086785,29553,2327,0.0787398910432105
STN-DEL-036,Delhi NCR,DEL-Noida,28.598176,77.262656,market,fuel_retailer,Launch,Gen1,good,16,6,76.18852459016394,0.13213854582598197,35499,2878,0.08107270627341616
STN-DEL-037,Delhi NCR,DEL-Noida,28.620611,77.267558,commercial_hub,owned_lot,Launch,Gen1,good,16,0,66.70491803278688,0.13338988442370905,30838,2677,0.0868084830404047
STN-DEL-038,Delhi NCR,DEL-Gurugram-Cyber,28.584375,77.212238,market,mall_parking,Launch,Gen1,good,8,0,48.09836065573771,0.12588862559241706,27830,2036,0.07315846209126842
STN-DEL-039,Delhi NCR,DEL-East,28.466488,77.097026,residential,fuel_retailer,Launch,Gen1,fair,12,0,58.50819672131148,0.13259133801112993,31783,2571,0.0808923009155838
STN-DEL-040,Delhi NCR,DEL-South,28.613492,77.145076,market,mall_parking,Launch,Gen1,fair,16,6,82.22131147540983,0.13384337660104875,40335,3304,0.0819139704970869
STN-DEL-041,Delhi NCR,DEL-East,28.500709,77.081232,commercial_hub,mall_parking,Launch,Gen2,good,8,0,97.78688524590164,0.06932691561214191,41678,2151,0.051609962090311434
STN-DEL-042,Delhi NCR,DEL-Gurugram-Cyber,28.579633,77.221467,market,kirana,Launch,Gen2,good,8,0,55.69672131147541,0.0735613463626493,30707,1657,0.05396163741166509
STN-DEL-043,Delhi NCR,DEL-East,28.478187,77.101377,commercial_hub,mall_parking,Launch,Gen1,poor,12,0,107.40983606557377,0.132142621762341,49597,4060,0.08185978990664758
STN-DEL-044,Delhi NCR,DEL-Noida,28.618268,77.263405,commercial_hub,kirana,Launch,Gen2,poor,8,0,76.06557377049181,0.07766125840918085,37515,2092,0.05576436092229775
STN-DEL-045,Delhi NCR,DEL-Noida,28.622412,77.247504,commercial_hub,owned_lot,Launch,Gen1,good,16,0,68.1639344262295,0.13583307509554798,32237,2671,0.08285510438316221
STN-DEL-046,Delhi NCR,DEL-Noida,28.598173,77.245905,market,mall_parking,Launch,Gen2,poor,16,0,67.5,0.07387508394895903,32734,1808,0.05523309097574387
STN-DEL-047,Delhi NCR,DEL-South,28.610966,77.160085,market,owned_lot,Launch,Gen1,good,12,4,79.54098360655738,0.12898330804248861,41594,3331,0.08008366591335289
STN-DEL-048,Delhi NCR,DEL-West,28.475881,77.071943,market,owned_lot,Launch,Gen1,good,16,0,70.90163934426229,0.14320914646165978,34646,2953,0.08523350458927438
STN-DEL-049,Delhi NCR,DEL-West,28.485361,77.078575,tech_park,fuel_retailer,Launch,Gen1,fair,8,6,33.10655737704918,0.13073296185169309,21665,1654,0.07634433417955228
STN-DEL-050,Delhi NCR,DEL-East,28.495258,77.095545,commercial_hub,fuel_retailer,Launch,Gen1,poor,12,0,105.93442622950819,0.1278554152109648,47060,3849,0.08178920526986826
STN-DEL-051,Delhi NCR,DEL-East,28.491312,77.114162,residential,kirana,Wave1_2024H2,Gen2,good,12,4,51.9,0.06836461126005362,14439,715,0.0495186647274742
STN-DEL-052,Delhi NCR,DEL-Gurugram-Cyber,28.606711,77.232221,residential,kirana,Wave1_2024H2,Gen2,good,8,0,34.60655737704918,0.07325606822654712,13267,646,0.04869224391346951
STN-DEL-053,Delhi NCR,DEL-Noida,28.604215,77.26892,highway_fuel_pump,mall_parking,Wave1_2024H2,Gen2,fair,8,4,43.18032786885246,0.07354228681491858,15640,805,0.051470588235294115
STN-DEL-054,Delhi NCR,DEL-West,28.495664,77.08538,highway_fuel_pump,owned_lot,Wave1_2024H2,Gen2,good,12,6,35.81147540983606,0.07074772294005507,11595,597,0.05148771021992238
STN-DEL-055,Delhi NCR,DEL-South,28.605747,77.142606,residential,mall_parking,Wave1_2024H2,Gen3,good,12,0,66.22950819672131,0.04704916109351168,19129,764,0.03993935908829526
STN-DEL-056,Delhi NCR,DEL-West,28.496811,77.080708,residential,kirana,Wave1_2024H2,Gen2,good,12,4,50.885245901639344,0.07368890209478532,13979,772,0.055225695686386723
STN-DEL-057,Delhi NCR,DEL-East,28.491914,77.100781,tech_park,fuel_retailer,Wave2_2025H1,Gen3,fair,12,0,68.17213114754098,0.049254919804345355,10491,494,0.04708798017348203
STN-DEL-058,Delhi NCR,DEL-Central,28.747185,77.035625,highway_fuel_pump,owned_lot,Wave2_2025H1,Gen3,good,12,4,150.0,0.05259244237139187,14793,778,0.05259244237139187
STN-DEL-059,Delhi NCR,DEL-West,28.480637,77.080806,commercial_hub,owned_lot,Wave2_2025H1,Gen3,good,8,0,83.95901639344262,0.04524760754436495,11689,530,0.045341774317734625
STN-DEL-060,Delhi NCR,DEL-East,28.47791,77.100748,market,owned_lot,Wave2_2025H1,Gen3,poor,16,0,109.70370370370371,0.05763141228625712,9474,546,0.05763141228625712
STN-DEL-061,Delhi NCR,DEL-West,28.488696,77.084866,highway_fuel_pump,kirana,Wave2_2025H1,Gen3,fair,16,0,42.00917431192661,0.046453753629199505,4822,224,0.046453753629199505
STN-DEL-062,Delhi NCR,DEL-Gurugram-Cyber,28.589736,77.236667,market,kirana,Wave2_2025H1,Gen3,good,8,6,58.83505154639175,0.055234954657873044,6065,335,0.055234954657873044
STN-HYD-063,Hyderabad,HYD-Hitech City,17.233343,78.508574,transit_hub,fuel_retailer,Launch,Gen2,good,12,6,74.15573770491804,0.0666529942575882,36753,1806,0.04913884580850543
STN-HYD-064,Hyderabad,HYD-Central,17.250335,78.56334,market,fuel_retailer,Launch,Gen1,fair,16,6,68.31967213114754,0.11085156084094287,36821,2623,0.07123652263653893
STN-HYD-065,Hyderabad,HYD-Hitech City,17.241279,78.499876,commercial_hub,fuel_retailer,Launch,Gen1,good,16,0,98.73770491803279,0.10609864146485529,46001,3144,0.06834634029695007
STN-HYD-066,Hyderabad,HYD-Central,17.256875,78.59181,commercial_hub,kirana,Launch,Gen2,good,16,0,66.59016393442623,0.05933080372542256,33079,1618,0.048913207775325734
STN-HYD-067,Hyderabad,HYD-Secunderabad,17.468527,78.51652,commercial_hub,mall_parking,Launch,Gen1,fair,8,4,74.58196721311475,0.09860960457548565,40152,2619,0.06522713687985654
STN-HYD-068,Hyderabad,HYD-Central,17.24069,78.553185,commercial_hub,kirana,Launch,Gen1,good,8,4,77.58196721311475,0.10654890538382035,37775,2694,0.07131700860357379
STN-HYD-069,Hyderabad,HYD-Secunderabad,17.464299,78.498401,market,owned_lot,Launch,Gen1,poor,16,6,72.45081967213115,0.10932025227750526,34499,2437,0.07063972868778805
STN-HYD-070,Hyderabad,HYD-South,17.392846,78.587976,market,kirana,Launch,Gen1,good,16,6,107.25409836065573,0.10814844969129521,49688,3561,0.07166720334889712
STN-HYD-071,Hyderabad,HYD-Central,17.228754,78.574117,market,owned_lot,Launch,Gen1,fair,16,6,66.35245901639344,0.10156767498344005,32357,2223,0.06870229007633588
STN-HYD-072,Hyderabad,HYD-Hitech City,17.235007,78.506861,commercial_hub,kirana,Launch,Gen1,good,12,0,124.98360655737704,0.11477305579647297,51765,3962,0.07653820148749155
STN-HYD-073,Hyderabad,HYD-Central,17.244067,78.582652,market,owned_lot,Launch,Gen1,good,12,4,59.122950819672134,0.10851090035718684,32447,2198,0.06774123955989768
STN-HYD-074,Hyderabad,HYD-West,17.503863,78.363688,residential,fuel_retailer,Launch,Gen1,good,8,0,68.92622950819673,0.10416445904418777,33251,2319,0.06974226339057472
STN-HYD-075,Hyderabad,HYD-Secunderabad,17.454298,78.494977,highway_fuel_pump,fuel_retailer,Launch,Gen2,good,8,0,51.09836065573771,0.06609967173977917,25744,1265,0.04913766314481044
STN-HYD-076,Hyderabad,HYD-Secunderabad,17.449139,78.513023,transit_hub,mall_parking,Launch,Gen1,good,12,4,46.16393442622951,0.1013663806800127,23628,1645,0.06962078889453191
STN-HYD-077,Hyderabad,HYD-Secunderabad,17.433347,78.513368,market,kirana,Launch,Gen1,good,16,0,76.43442622950819,0.10539870278519649,37465,2673,0.07134659015080742
STN-HYD-078,Hyderabad,HYD-Central,17.233976,78.58993,residential,fuel_retailer,Launch,Gen1,good,12,6,37.71311475409836,0.09996110462854921,22305,1476,0.06617350369872226
STN-HYD-079,Hyderabad,HYD-South,17.394644,78.580457,highway_fuel_pump,owned_lot,Wave1_2024H2,Gen2,good,12,6,61.99180327868852,0.06303194769951893,18319,934,0.05098531579234675
STN-HYD-080,Hyderabad,HYD-Secunderabad,17.459734,78.508433,highway_fuel_pump,fuel_retailer,Wave1_2024H2,Gen2,good,12,4,45.532786885245905,0.06721284066209664,12722,656,0.05156421946234869
STN-HYD-081,Hyderabad,HYD-Hitech City,17.254772,78.500249,residential,owned_lot,Wave1_2024H2,Gen3,good,8,0,73.18032786885246,0.04777577237498673,23000,1028,0.044695652173913046
STN-HYD-082,Hyderabad,HYD-Hitech City,17.265584,78.506511,highway_fuel_pump,owned_lot,Wave1_2024H2,Gen2,fair,8,4,73.01639344262296,0.06052327414101082,20679,994,0.048068088398858747
STN-HYD-083,Hyderabad,HYD-Central,17.264009,78.586175,residential,kirana,Wave1_2024H2,Gen3,fair,16,6,45.08196721311475,0.0478815018945918,16042,640,0.03989527490337863
STN-HYD-084,Hyderabad,HYD-Central,17.246939,78.560329,commercial_hub,mall_parking,Wave2_2025H1,Gen3,poor,8,0,73.30252100840336,0.04585557128853066,9181,421,0.04585557128853066
STN-HYD-085,Hyderabad,HYD-Central,17.255567,78.572115,transit_hub,kirana,Wave2_2025H1,Gen3,fair,12,6,36.204301075268816,0.049635445877734156,3566,177,0.049635445877734156
STN-HYD-086,Hyderabad,HYD-Central,17.228798,78.564443,commercial_hub,owned_lot,Wave2_2025H1,Gen3,good,16,0,81.68852459016394,0.040749952171417636,12526,486,0.03879929746128054
STN-HYD-087,Hyderabad,HYD-West,17.500676,78.334507,commercial_hub,owned_lot,Wave2_2025H1,Gen3,fair,8,0,110.77777777777777,0.044287190904031166,12577,557,0.044287190904031166
STN-HYD-088,Hyderabad,HYD-West,17.530208,78.345679,market,fuel_retailer,Wave2_2025H1,Gen3,good,16,0,112.74074074074075,0.04474342928660826,9588,429,0.04474342928660826
STN-PUN-089,Pune,PUN-South,18.570944,73.667246,market,mall_parking,Launch,Gen2,good,12,4,64.43442622950819,0.05043938846755748,31335,1388,0.04429551619594702
STN-PUN-090,Pune,PUN-Central,18.363691,73.784569,market,owned_lot,Launch,Gen2,good,12,0,75.86065573770492,0.04961129296235679,38073,1692,0.044440942400126075
STN-PUN-091,Pune,PUN-Central,18.374112,73.76728,commercial_hub,fuel_retailer,Launch,Gen1,good,16,0,67.87704918032787,0.06796551338036054,32455,1670,0.051455861962717606
STN-PUN-092,Pune,PUN-South,18.575188,73.666667,market,fuel_retailer,Launch,Gen1,good,16,4,67.31147540983606,0.06634212611796672,31000,1629,0.052548387096774195
STN-PUN-093,Pune,PUN-South,18.568005,73.688809,commercial_hub,fuel_retailer,Launch,Gen1,fair,16,0,68.37704918032787,0.06496985934360348,34395,1808,0.05256577990987062
STN-PUN-094,Pune,PUN-Central,18.388829,73.771147,commercial_hub,owned_lot,Launch,Gen2,poor,16,4,72.0,0.04704866731412539,32816,1429,0.043545831301804
STN-PUN-095,Pune,PUN-Central,18.39892,73.770288,market,owned_lot,Launch,Gen2,good,16,0,53.557377049180324,0.05389048991354467,32210,1467,0.04554486184414778
STN-PUN-096,Pune,PUN-Hinjewadi,18.705217,73.748507,commercial_hub,owned_lot,Launch,Gen2,good,16,0,104.13934426229508,0.04768300873069174,46174,2111,0.04571836964525491
STN-PUN-097,Pune,PUN-South,18.558179,73.667398,market,mall_parking,Launch,Gen2,poor,16,6,63.778688524590166,0.04407814407814408,32232,1377,0.04272151898734177
STN-PUN-098,Pune,PUN-South,18.569468,73.675777,commercial_hub,mall_parking,Launch,Gen2,good,12,0,63.131147540983605,0.04091247210513266,32923,1376,0.041794490174042465
STN-PUN-099,Pune,PUN-South,18.592434,73.673963,commercial_hub,owned_lot,Launch,Gen1,good,12,0,68.56557377049181,0.06364953739828336,34534,1729,0.05006660103086813
STN-PUN-100,Pune,PUN-Central,18.375993,73.776926,market,mall_parking,Launch,Gen2,good,16,4,72.54918032786885,0.050534188034188035,34916,1539,0.04407721388475198
STN-PUN-101,Pune,PUN-Central,18.387803,73.790694,transit_hub,mall_parking,Launch,Gen2,poor,12,4,37.52459016393443,0.05288065843621399,23101,1052,0.045539154149171035
STN-PUN-102,Pune,PUN-South,18.57124,73.671191,residential,kirana,Wave1_2024H2,Gen3,good,8,6,41.68852459016394,0.0450046685340803,12733,547,0.042959239770674625
STN-PUN-103,Pune,PUN-Hinjewadi,18.70739,73.764106,tech_park,mall_parking,Wave1_2024H2,Gen2,good,12,6,68.69672131147541,0.04938550005637614,17952,819,0.0456216577540107
STN-PUN-104,Pune,PUN-South,18.593716,73.699665,highway_fuel_pump,mall_parking,Wave1_2024H2,Gen2,fair,16,6,39.09016393442623,0.04634971155758902,13347,555,0.04158237806248595
STN-PUN-105,Pune,PUN-South,18.570362,73.700716,residential,owned_lot,Wave1_2024H2,Gen2,good,16,0,45.942622950819676,0.05197645079899075,11742,528,0.044966785896780784
STN-PUN-106,Pune,PUN-Kharadi,18.661044,73.947885,highway_fuel_pump,fuel_retailer,Wave1_2024H2,Gen3,good,16,0,136.81147540983608,0.043423680456490726,37570,1506,0.040085174341229705
STN-PUN-107,Pune,PUN-South,18.564331,73.669712,highway_fuel_pump,owned_lot,Wave2_2025H1,Gen3,good,12,0,28.37142857142857,0.048012718600953894,3145,151,0.048012718600953894
STN-PUN-108,Pune,PUN-Central,18.36339,73.785395,transit_hub,mall_parking,Wave2_2025H1,Gen3,good,12,6,38.60655737704918,0.043583535108958835,5592,248,0.044349070100143065
STN-PUN-109,Pune,PUN-South,18.593667,73.688233,market,mall_parking,Wave2_2025H1,Gen3,good,12,0,74.55952380952381,0.043134872417982986,6584,284,0.043134872417982986
STN-PUN-110,Pune,PUN-South,18.591364,73.680897,market,fuel_retailer,Wave2_2025H1,Gen3,good,8,4,56.91803278688525,0.03779831700924265,8081,303,0.037495359485212224
STN-MUM-111,Mumbai,MUM-Andheri,18.997792,72.98355,commercial_hub,mall_parking,Launch,Gen2,good,8,0,63.877049180327866,0.04265982153770933,30905,1254,0.0405759585827536
STN-MUM-112,Mumbai,MUM-Andheri,19.001774,73.0015,commercial_hub,kirana,Launch,Gen2,good,16,0,68.00819672131148,0.04105335786568537,35310,1414,0.0400453129425092
STN-MUM-113,Mumbai,MUM-Central,19.231872,72.924697,commercial_hub,fuel_retailer,Launch,Gen2,good,16,6,90.30327868852459,0.03715304968241538,40607,1541,0.037949122072549066
STN-MUM-114,Mumbai,MUM-Andheri,19.005108,73.00389,commercial_hub,kirana,Launch,Gen2,good,12,4,60.540983606557376,0.039860230361071565,28198,1175,0.041669621959004186
STN-MUM-115,Mumbai,MUM-Andheri,18.970197,72.985313,commercial_hub,kirana,Launch,Gen1,fair,16,0,70.43442622950819,0.04018254674977738,35223,1408,0.03997388070294978
STN-MUM-116,Mumbai,MUM-Central,19.201421,72.904601,market,kirana,Launch,Gen2,poor,16,6,80.88524590163935,0.04150541795665635,36186,1367,0.03777704084452551
STN-MUM-117,Mumbai,MUM-Navi Mumbai,19.187733,72.95422,market,owned_lot,Launch,Gen2,fair,16,0,52.69672131147541,0.03767123287671233,26692,1044,0.03911284279934062
STN-MUM-118,Mumbai,MUM-Navi Mumbai,19.185048,72.978428,market,kirana,Launch,Gen2,poor,8,0,62.66393442622951,0.0395,29088,1215,0.04176980198019802
STN-MUM-119,Mumbai,MUM-Central,19.219636,72.886092,commercial_hub,owned_lot,Launch,Gen2,good,12,6,77.95901639344262,0.04096385542168675,37128,1455,0.03918875242404654
STN-MUM-120,Mumbai,MUM-Andheri,18.997594,73.002306,residential,kirana,Launch,Gen2,fair,12,6,37.40983606557377,0.03834870075440067,19279,757,0.03926552207064682
STN-MUM-121,Mumbai,MUM-Andheri,18.995324,72.999556,commercial_hub,fuel_retailer,Launch,Gen1,good,12,4,80.27049180327869,0.04151237575521341,36108,1494,0.041375872382851446
STN-MUM-122,Mumbai,MUM-Navi Mumbai,19.1622,72.981689,market,mall_parking,Launch,Gen2,good,12,0,58.89344262295082,0.043772383605252686,29282,1214,0.04145891674065979
STN-MUM-123,Mumbai,MUM-Thane,19.202196,72.9799,residential,owned_lot,Launch,Gen2,good,12,0,79.76229508196721,0.04208770725007358,36166,1480,0.040922413316374494
STN-MUM-124,Mumbai,MUM-Central,19.206822,72.904445,transit_hub,owned_lot,Wave1_2024H2,Gen2,good,16,0,54.34426229508197,0.04295977011494253,17280,717,0.041493055555555554
STN-MUM-125,Mumbai,MUM-Andheri,18.988068,72.984211,residential,mall_parking,Wave1_2024H2,Gen2,fair,12,0,45.385245901639344,0.035069444444444445,14364,528,0.036758563074352546
STN-MUM-126,Mumbai,MUM-Thane,19.17894,73.002036,commercial_hub,owned_lot,Wave1_2024H2,Gen2,poor,16,0,145.45081967213116,0.04087340002151232,38679,1618,0.04183148478502546
STN-MUM-127,Mumbai,MUM-Central,19.235086,72.896368,highway_fuel_pump,fuel_retailer,Wave1_2024H2,Gen2,good,12,6,46.59016393442623,0.03909673070441524,14133,569,0.04026038349961084
STN-MUM-128,Mumbai,MUM-Andheri,18.989586,72.997926,market,fuel_retailer,Wave2_2025H1,Gen3,poor,16,0,64.0253164556962,0.0406196863782354,5293,215,0.0406196863782354
STN-MUM-129,Mumbai,MUM-Central,19.203505,72.90577,market,owned_lot,Wave2_2025H1,Gen3,good,16,0,82.63917525773196,0.037886936775427274,8367,317,0.037886936775427274
STN-MUM-130,Mumbai,MUM-Central,19.201382,72.886496,highway_fuel_pump,mall_parking,Wave2_2025H1,Gen3,fair,8,4,47.94871794871795,0.03817576223417884,3903,149,0.03817576223417884
STN-MUM-131,Mumbai,MUM-Central,19.237652,72.905634,transit_hub,kirana,Wave2_2025H1,Gen3,good,8,0,42.35820895522388,0.04358028830036876,2983,130,0.04358028830036876
STN-MUM-132,Mumbai,MUM-Andheri,18.970414,73.001311,residential,kirana,Wave2_2025H1,Gen3,good,8,0,40.446280991735534,0.040390243902439026,5125,207,0.040390243902439026
STN-JAI-133,Jaipur,JAI-Vaishali,26.910752,75.667455,market,mall_parking,Launch,Gen1,good,16,0,37.52459016393443,0.12440555449876356,25937,2064,0.07957743763735205
STN-JAI-134,Jaipur,JAI-Malviya Nagar,26.803329,75.86716,commercial_hub,kirana,Launch,Gen1,good,16,4,79.12295081967213,0.13359493445108356,42925,3419,0.07965055329062318
STN-JAI-135,Jaipur,JAI-Vaishali,26.903037,75.642205,commercial_hub,kirana,Launch,Gen1,good,12,0,43.204918032786885,0.1383914034516444,29930,2307,0.07707985299031073
STN-JAI-136,Jaipur,JAI-Malviya Nagar,26.824337,75.85503,transit_hub,mall_parking,Launch,Gen1,good,8,6,47.77049180327869,0.14019650975216308,29340,2416,0.0823449216087253
STN-JAI-137,Jaipur,JAI-Malviya Nagar,26.795325,75.855718,commercial_hub,owned_lot,Launch,Gen1,fair,8,0,88.25409836065573,0.1333119692356994,44371,3690,0.08316242590881431
STN-JAI-138,Jaipur,JAI-Malviya Nagar,26.81922,75.864944,market,kirana,Launch,Gen1,poor,12,0,87.97540983606558,0.13371859699815394,48945,4024,0.08221473082030852
STN-JAI-139,Jaipur,JAI-Vaishali,26.915033,75.635205,commercial_hub,kirana,Launch,Gen1,poor,16,0,48.99180327868852,0.14011461318051577,31659,2587,0.08171452035756026
STN-JAI-140,Jaipur,JAI-Malviya Nagar,26.803011,75.873369,commercial_hub,mall_parking,Launch,Gen1,fair,16,0,80.93442622950819,0.13230661533076654,44115,3552,0.0805168310098606
STN-JAI-141,Jaipur,JAI-Malviya Nagar,26.818902,75.880865,commercial_hub,mall_parking,Launch,Gen1,good,16,0,89.51639344262296,0.14038250509484246,45594,3796,0.08325656884677808
STN-JAI-142,Jaipur,JAI-Vaishali,26.926922,75.669042,commercial_hub,mall_parking,Launch,Gen1,poor,12,6,56.614754098360656,0.1366915422885572,33319,2778,0.08337585161619496
STN-JAI-143,Jaipur,JAI-Vaishali,26.916222,75.6392,highway_fuel_pump,mall_parking,Wave1_2024H2,Gen2,fair,12,0,37.532786885245905,0.07484909456740442,12102,656,0.05420591637745827
STN-JAI-144,Jaipur,JAI-Vaishali,26.92117,75.653451,residential,fuel_retailer,Wave1_2024H2,Gen3,fair,12,4,33.35245901639344,0.0470972254604803,10452,446,0.042671259089169536
STN-JAI-145,Jaipur,JAI-Malviya Nagar,26.825823,75.85458,highway_fuel_pump,mall_parking,Wave1_2024H2,Gen2,fair,12,4,56.32786885245902,0.07393517278328422,19682,1027,0.05217965653896962
STN-JAI-146,Jaipur,JAI-Malviya Nagar,26.833278,75.871283,residential,kirana,Wave1_2024H2,Gen2,good,8,6,46.71311475409836,0.07809983896940419,16947,889,0.05245766212308963
STN-JAI-147,Jaipur,JAI-Vaishali,26.929376,75.646709,market,fuel_retailer,Wave2_2025H1,Gen3,poor,16,0,54.204918032786885,0.05082084225553176,7112,358,0.050337457817772775
STN-JAI-148,Jaipur,JAI-Central,26.951471,75.742828,highway_fuel_pump,fuel_retailer,Wave2_2025H1,Gen3,good,8,0,168.7622950819672,0.04891279363765917,26552,1250,0.047077432961735464
STN-JAI-149,Jaipur,JAI-Malviya Nagar,26.800606,75.864423,residential,mall_parking,Wave2_2025H1,Gen3,good,16,6,52.81147540983606,0.0539394825317936,7167,379,0.052881261336682014
STN-JAI-150,Jaipur,JAI-Malviya Nagar,26.810605,75.876903,market,mall_parking,Wave2_2025H1,Gen3,good,8,4,89.18852459016394,0.04849804092294297,11485,557,0.04849804092294297
